PublicationId,Title,Theme,division
D7BD5D9D-DC65-4B1D-99B1-4D815B7369A3,Children accommodated in secure children's homes,Children's social care,Data insights and statistics division
89869BBA-0C00-40F7-B7D6-E28CB904AD37,Children in need,Children's social care,Data insights and statistics division
3260801D-601A-48C6-93B7-CF51680323D1,Children looked after in England including adoptions,Children's social care,Data insights and statistics division
D8BAEE79-3C88-45F4-B12A-07B91E9B5C11,Children's social work workforce,Children's social care,Data insights and statistics division
F51895DF-C682-45E6-B23E-3138DDBFDAEB,"Outcomes for children in need, including children looked after by local authorities in England",Children's social care,Data insights and statistics division
25216E7A-729D-4F80-C22C-08DDBE116041,Children looked after: A focus on placement location,Children's social care,FAD
0C2DA30B-0210-49D4-CAC0-08D87696E25E,Serious incident notifications,Children's social care,Data insights and statistics division
27C27D79-290D-4CEF-E5EC-08DD6E04EC1B,Stability measures for children looked after in England,Children's social care,Data insights and statistics division
657A20F6-13EF-494F-C9C0-08D82A49A1D0,16-18 destination measures,Destination of pupils and students,Data insights and statistics division
B70E71FA-5767-4FB5-C9BF-08D82A49A1D0,Key stage 4 destination measures,Destination of pupils and students,Data insights and statistics division
2EE2B32A-3FA0-42BB-C9C2-08D82A49A1D0,Longer term destinations,Destination of pupils and students,Data insights and statistics division
2E510281-CA8C-41BF-BBE0-FD15FCC81AAE,NEET age 16 to 24,Destination of pupils and students,Data insights and statistics division
A0EB117E-44A8-4732-ADF1-8FBC890CBB62,"Participation in education, training and employment age 16 to 18",Destination of pupils and students,Data insights and statistics division
9F5D0E21-45D3-41E5-1B71-08DA5E798404,"Participation in education, training and NEET age 16 to 17 by local authority",Destination of pupils and students,Data insights and statistics division
61784B00-D1E7-4DBD-C9C1-08D82A49A1D0,Progression to higher education or training,Destination of pupils and students,Data insights and statistics division
CB160073-139B-4069-3478-08DAD90FBD2F,September Guarantee: offers of education and training for young people age 16 and 17,Destination of pupils and students,Data insights and statistics division
FCDA2962-82A6-4052-AFA2-EA398C53C85F,Early years foundation stage profile results,Early years,Data insights and statistics division
060C5376-35D8-420B-8266-517A9339B7BC,Childcare and early years survey of parents,Early years,FAD
2B4FDD0F-E58F-4368-8D66-08DC0DEE4273,Early years education recovery,Early years,FAD
F2E7F229-F7B0-45AB-624F-08DD83281976,Expansion to early childcare entitlements: Childcare Experiences Survey,Early years,FAD
8042C52D-16D4-4B7B-66F5-08DC1B6B9886,Expansion to early childcare entitlements: eligibility codes issued and validated,Early years,FAD
0CE6A6C6-5451-4967-8DD4-2F4FA8131982,Funded early education and childcare,Early years,Data insights and statistics division
39DCE2E3-4976-41AC-CB95-08D8BDF1A994,School funding statistics,Finance and funding,Schools and Funding Analysis Division
FD68E147-B7EE-464F-8B02-DCD917DC362D,Student loan forecasts for England,Finance and funding,Higher Education Analysis
412D8090-AB45-455A-C176-08DBF5AB522B,Apprenticeships,Further education,Data insights and statistics division
C858107C-1B98-4818-2731-08D8A11FD8EF,Apprenticeships in England by industry characteristics ,Further education,Data insights and statistics division
13B81BCB-E8CD-4431-9807-CA588FD1D02A,Further education and skills,Further education,Data insights and statistics division
11D3385F-8D48-4E07-1255-08DB886B552E,Further education workforce,Further education,Data insights and statistics division
CE8EF30F-1B14-45D4-4854-08D99EEED35D,"Skills bootcamps starts, completions and outcomes",Further education,
42A888C4-9EE7-40FD-9128-F5DE546780B3,Graduate labour market statistics,Higher education,Higher Education Analysis
E926DCDE-E610-4721-EA39-08D968AC9105,Higher Level Learners in England,Higher education,Higher Education Analysis
B329F8E4-4191-4F0C-66A8-08D9DAA3B093,LEO Graduate and Postgraduate Outcomes,Higher education,Higher Education Analysis
F27B380E-98A6-4B1A-9D98-F7B7A5392032,LEO Graduate outcomes provider level data,Higher education,Higher Education Analysis
0C67BBDB-4EB0-41CF-A62E-2589CEE58538,Participation measures in higher education,Higher education,Higher Education Analysis
04B59C44-BFB8-4D7D-841D-08D9A365444F,UK revenue from education related exports and transnational education activity,Higher education,Higher Education Analysis
C28F7ACA-F1E8-4916-8CE3-FC177B140695,Widening participation in higher education,Higher education,Higher Education Analysis
88312CC0-FE1D-4AB5-81DF-33FD708185CB,"Education, health and care plans",Pupils and schools,Data insights and statistics division
CBBD299F-8297-44BC-92AC-558BCF51F8AD,Pupil absence in schools in England,Pupils and schools,Data insights and statistics division
9676AF6B-D563-41F4-D071-08DA8F468680,Pupil attendance in schools,Pupils and schools,Data insights and statistics division
A91D9E05-BE82-474C-85AE-4913158406D0,"Schools, pupils and their characteristics",Pupils and schools,Data insights and statistics division
F657AFB4-8F4A-427D-A683-15F11A2AEFB5,Special educational needs in England,Pupils and schools,Data insights and statistics division
BF2B4284-6B84-46B0-AAAA-A2E0A23BE2A9,Suspensions and permanent exclusions in England,Pupils and schools,Data insights and statistics division
4E9EB1F5-8440-4E39-2D3E-08D93A1D8D28,Academy transfers and funding,Pupils and schools,Academies
123461AB-50BE-45D9-8523-C5241A2C9C5B,Admission appeals in England,Pupils and schools,Data insights and statistics division
23A9962F-37EF-4B1C-8077-08DDA2B70E1A,Estimate of additional children claiming Free School Meals following expansion of eligibility,Pupils and schools,Revenue Funding and Demographic Analysis Division
0DD27719-1A35-4653-C22D-08DDBE116041,Home to school transport: LA data collection,Pupils and schools,School Systems and Organisation Analysis
5C066362-9E14-4688-4F8A-08D83303033F,Local authority school places scorecards,Pupils and schools,Revenue Funding & Demographic Analysis Division
AA545525-9FFE-496C-A5B3-974ACE56746E,National pupil projections,Pupils and schools,Revenue Funding & Demographic Analysis Division
86AF24DC-67C4-47F0-A849-E94C7A1CFE9B,Parental responsibility measures,Pupils and schools,Data insights and statistics division
66C8E9DB-8BF2-4B0B-B094-CFAB25C20B05,Primary and secondary school applications and offers,Pupils and schools,Data insights and statistics division
FA591A15-AE37-41B5-98F6-4CE06E5225F4,School capacity,Pupils and schools,Revenue Funding & Demographic Analysis Division
95B66A3E-6B1C-43F0-25A6-08DD868FF134,Schools eligible for RISE intervention,Pupils and schools,Regions Group Data and Analysis Unit
3F3A66EC-5777-42EE-B427-8102A14CE0C5,A level and other 16 to 18 results,School and college outcomes and performance,Data insights and statistics division
8B7474F9-5870-4ECC-7557-08DA5F64DCF1,Key stage 2 attainment,School and college outcomes and performance,Data insights and statistics division
10370062-93B0-4DDE-9097-5A56BF5B3064,Key stage 2 attainment: National headlines,School and college outcomes and performance,Data insights and statistics division
C8756008-ED50-4632-9B96-01B5CA002A43,Key stage 4 performance,School and college outcomes and performance,Data insights and statistics division
2E95F880-629C-417B-981F-0901E97776FF,Level 2 and 3 attainment age 16 to 25,School and college outcomes and performance,Data insights and statistics division
13484F09-40E7-4B8B-7558-08DA5F64DCF1,Multiplication tables check attainment,School and college outcomes and performance,Data insights and statistics division
5BECB18E-852B-4CDF-E2E8-08DCC3489646,Phonics screening check attainment,School and college outcomes and performance,Data insights and statistics division
D6D6EF58-2FAD-4EF4-1C62-08DA6FACA262,Provisional T Level results,School and college outcomes and performance,
B99702F4-A277-4F1B-EBA8-08DD9F501D22,School counts by average Progress 8 scores for disadvantaged White British pupils,School and college outcomes and performance,
B318967F-2931-472A-93F2-FBED1E181E6A,School workforce in England,Teachers and school workforce,Data insights and statistics division
465D5A87-DBA8-49EE-B7E3-08D86B7BEB8F,Initial Teacher Training Census,Teachers and school workforce,Teachers Analysis Division
D34978D5-0317-46BC-9258-13412270AC4D,Initial teacher training performance profiles,Teachers and school workforce,Teachers Analysis Division
02E502CD-6333-4C28-A535-08DA004BA44F,Postgraduate initial teacher training targets,Teachers and school workforce,
8132CFFB-8ECB-4F7C-D1A0-08DDEC782B96,School Leadership retention,Teachers and school workforce,Teachers Analysis Division 
B3134103-1297-4758-4654-08DA2E6FC320,Teacher and leader development: ECF and NPQs,Teachers and school workforce,Teachers Analysis Division 
2FFBC8D3-EB53-4C4B-A6FB-219A5B95EBC8,Education and training statistics for the UK,UK education and training statistics,"Disadvantage, International and Sustainability Directorate "
3C1BA528-AA57-4B9C-347A-08DAD90FBD2F,Employer Skills Survey ,UK education and training statistics,Skills Policy Analysis Division
